uid,website
OR00002,delindamorganforcongress.org
OR00003,www.truth2012.org
OR00005,www.bonamiciforcongress.com
OR00006,www.gregwalden.com
OR00007,segersforcongress.org
OR00008,earlblumenauer.com
OR00009,clineforcongress.com
OR00010,www.ronaldgreen3rddistrict.com
OR00011,artrobinsonforcongress.com
OR00012,electchuckhuntting.com
OR00013,www.defazioforcongress.org
OR00014,Facebook - Fred Thompson Salem
OR00015,www.kurtschrader.com
OR00016,www.lporegon.org
OR00018,www.buehler2012.com
OR00020,www.tedwheeler.com
OR00022,EllenRosenblum.com
OR00023,www.fights4rights.com
OR00030,arniefororegon.com
OR00031,www.scottrobertsfororegonsenate.com
OR00032,www.fredgirod.com
OR00036,www.coe4senate.com
OR00037,www.markhass.com
OR00038,www.vetanen.com
OR00039,www.facebook.com/eshayward
OR00045,www.chipshields.com
OR00049,www.eugenenewell.com
OR00050,www.lauriemonnesanderson.com
OR00051,www.scotthansen4senate.com
OR00052,www.gerihauser.com
OR00053,www.timknopp.com
OR00060,www.jimklahr4rep.com
OR00061,votewaynekrieger.com
OR00063,www.statereptimfreeman.com
OR00067,wallyhicks.com
OR00069,www.dennisrichardson.org
OR00070,http://www.rickhake.com
OR00071,www.peterbuckley.org
OR00073,www.salesquivel.com
OR00075,brucehanna.com
OR00079,www.paulholvey.com
OR00084,electjeromegrant.com
OR00085,http://www.kellylovelace.org
OR00086,philbarnhart.com
OR00090,www.MarkCallahan.net
OR00092,nancynathanson.org
OR00093,www.coonforhouserep.com
OR00094,www.valhoyle.com
OR00095,www.friendsofandyolson.com
OR00097,www.DeckerForStateRep.com
OR00099,http://www.saragelser.com
OR00100,under development
OR00101,www.sherriesprenger.com
OR00102,repvicgilliam.com
OR00105,www.kevincameronfororegon.com
OR00107,www.vickiberger.net
OR00108,www.brianclem.com
OR00112,www.jimforhouse.com
OR00114,jimfororegon.com
OR00117,www.kimthatcher.net
OR00118,www.votepaulholman.com
OR00122,www.tobiasread.com
OR00124,www.manuelfororegon.com
OR00125,www.benunger.com
OR00126,www.repeyrebrewer.com
OR00129,www.shawnlindsay.org
OR00136,www.greenlick.com
OR00138,www.chrisharker.com
OR00140,www.johngoodhouse.com
OR00143,jenniferfororegon.com
OR00145,www.julie4oregon.com
OR00146,www.chrisfororegon.com
OR00148,www.billkennemer.com
OR00150,www.VoteBrentBarton.com
OR00155,www.julesfororegon.com
OR00157,www.lewfrederick.org
OR00158,MichaelHarrington.org
OR00160,www.annemariefororegon.com
OR00161,www.michaeldembrow.com
OR00162,www.alissakenyguyer.com
OR00164,http://www.jessicavegapederson.com
OR00165,www.nelsonfororegon.com
OR00168,ChrisGorsek.com 
OR00170,www.electgregmatthews.com
OR00172,patricksheehan.org
OR00176,genewhisnant.com
OR00178,www.repjasonconger.com
OR00180,www.johnhuddle.com
OR00181,www.votemclane.com
OR00184,www.repgregsmith.com
OR00188,votehuffman.com
OR00191,www.bradavakian.com
OR00192,www.brucestarr.org
OR00193,www.nenacook.com
OR00211,www.bagleyforjudge.com
UT00001,www.mrshaungoestowashington.com
UT00003,www.orrinhatch.com
UT00005,barronforussenate.com
UT00007,www.dmcaleer.com
UT00008,www.votebishop.com
UT00009,www.chrisstewartforcongress.com
UT00010,www.jayforjobs.com
UT00012,www.cputah.org
UT00013,www.2andrade.org
UT00014,www.JasonForCongress.com
UT00015,www.sorensimonsen.com
UT00016,love4utah.com
UT00018,www.torinnelsonforcongress.com
UT00019,mathesonforcongress.com
UT00020,www.cookeforgovernor.com
UT00023,www.garyherbert.com
UT00025,www.johnswallow.com
UT00026,www.andrewmccullough.org
UT00028,www.jdougall.com
UT00030,www.stout2012.com
UT00031,www.votemarcus.com
UT00034,http://www.facebook.com/people/Chelsea-Allart-Woodruff/1331512995
UT00035,www.johnrendell.com
UT00038,deidrehenderson.com
UT00041,www.aaronosmond.com
UT00042,votemadsen.com
UT00043,www.johnvalentine.com
UT00045,curtbramble.org
UT00046,votepeterclemens.com
UT00047,allenchristensen.com
UT00051,todd4senate.com
UT00054,www.donttreadonus.info
UT00059,www.evanvickers.com
UT00060,www.steveu.com
UT00065,davidlifferth.com
UT00068,www.doug4logan.com
UT00073,www.jake4utah.com
UT00075,votewilcox.com
UT00079,www.mrptersonsperspectives.blogspot.com
UT00083,repbraddee.com
UT00085,www.benpales.weberdemocrats.org
UT00092,www.ANewVoiceForUtah.com
UT00095,www.wix.com/shadowkamen/kevinbryan16#!
UT00097,votedrbarlow.com
UT00099,rogerbarrus.com
UT00100,www.jim4utah.com
UT00103,www.utahbecky.com
UT00108,suefor22.com
UT00109,www.marileeroose.com
UT00110,www.jenseelig.com
UT00112,www.rebeccaforhouse.com
UT00113,jphughesformayor.com
UT00115,votebriscoe.com
UT00119,www.kennedyhousecalls.com
UT00121,www.voterickraile.com
UT00122,www.kingforrep.com
UT00125,www.fredcox4utah.com
UT00126,www.rep.janicefisher.com
UT00129,LaVarforUtahHouse.com
UT00132,www.votecraighall.com
UT00134,www.vote4johnny.com
UT00135,www.lputah.org
UT00136,www.caseyfitts.com
UT00139,www.patricearent.com
UT00144,electdunnigan.blogspot.com
UT00148,www.danmccay.com
UT00149,jim2win.com
UT00150,www.facebook.com/tannerforhouse
UT00151,www.jmbell.org
UT00152,www.electtimcosgrove.org
UT00154,www.votechristy.com
UT00156,www.tellsteve.org
UT00157,www.wyattchristensen.com
UT00158,www.mariepoulson.org
UT00160,www.voteivory.com
UT00164,www.derekbrownutah.com
UT00165,www.RichCunningham.org
UT00169,greghughes.com
UT00171,johnknotwell.com
UT00174,www.robinsonfordistrict54.com
UT00175,www.housepowell.com
UT00180,briangreeneld57.com
UT00181,electspencercox.com
UT00182,www.valpeterson.com
UT00188,keithgrover.com
UT00189,www.JonStanard.com
UT00190,www.brentholloway.com
UT00191,www.deansanpei.com
UT00192,www.beckylockhart.net
UT00193,www.voteforboyd.com
UT00196,www.mikemckell.com
UT00198,marcroberts67.com
UT00199,www.parkinforutah.com
UT00211,www.ShortForHouse.com
UT00213,www.mikenoel.com
UT00218,www.donipson.com
UT00219,www.randallhinton.com
UT00227,jenniferajohnson.com
MT00001,Vote4you.us
MT00002,Stevedaines.com
MT00003,Gillanforcongress.com
MT00004,Ivotelibertarian.com
MT00005,DennyRehberg.com
MT00006,Jontester.com
MT00016,Brendagilbert.com
MT00019,Gregpinski.com
MT00020,Fagenstromcampaign.com
MT00028,Wilsonforjustice.com
MT00030,Ceravolofordistrictcourt.com
MT00031,Judgeulbricht.com
MT00048,Mcuffe.com
MT00058,Brodehlforhd7.com
MT00060,Stevelavin4hd8.weebly.com
MT00067,Andrewsforhd100.com
MT00068,Gregoryhertz.com
MT00069,Budkoppy@yahoo.com
MT00077,Readmontanahouse15.com
MT00082,Mikehenning.net
MT00092,Schreinerformt.com
MT00096,Tomglover.org
MT00098,Tomjacobson.net
MT00099,Ffacebook.com/pages/Tim-Martin/147908841987488
MT00100,Mehlhoffhd26.com
MT00104,Larkformontana.org
MT00108,Kristinhansen.com
MT00112,Montanahd35.com
MT00114,Austinknudsen.com
MT00116,www.alandoane.com
MT00120,Badcatsmall@yahoo.com
MT00123,Duaneankney.com
MT00125,Votejonathanmcniven.com
MT00127,Tomberrymt.com
MT00130,Danielzolnikov.com
MT00132,Electdougkary.com
MT00135,Marymcnally.com
MT00139,Kellyformontana.org
MT00141,Virginiajcourt.com
MT00143,Josephcsands.com
MT00146,Votecarysmith.com
MT00148,Votefordonjones.com
MT00151,Kraytonkerns.org
MT00154,Beckforcarboncounty.com
MT00164,Nickmahan.com
MT00165,KathleenHD65.com
MT00167,Jpformontana.com
MT00172,Independentformontana.weebly.com
MT00173,Aprilbuonamici.com
MT00179,Buttedemocrat.us
MT00184,Curtisforbutte.com
MT00185,Kirkbwagoner.org
MT00189,Godisforus.ning.com
MT00190,Chuckhunter.org
MT00191,Lizb4house.com
MT00192,Kelsenyoung.com
MT00194,Hollenbaugh.org
MT00196,Jennyeckformontana.com
MT00199,Mikemillerhd84.com
MT00200,www.scottvandevenderforHD84.com
MT00206,Connellforhd87.com
MT00207,Ivotelibertarian.com
MT00210,Ivotelibertarian.com
MT00212,Nancyballance.com
MT00213,Ivotelibertarian.com
MT00216,Ivotelibertarian.com
MT00221,Bennettforhouse.com
MT00223,Dougcforhd93.com
MT00225,Elliehillforhd94.com
MT00234,ElectMarbut.com
MT00238,Brucetutvedt.com
MT00240,Jannataylor@montana.com
MT00242,Getitrightmontana.com
MT00257,Senatortaylorbrown.com
MT00268,Comstock4sd34.com
MT00271,Danoneillsd37.com
MT00274,Perea4senate.com
MT00275,Ckaufmann.com
MT00276,Jonarnoldforsenate.com
MT00279,Ivotelibertarian.com
MT00281,Suemalek.com
MT00283,Barrettforsd47.com
MT00286,Foxforag.com
MT00287,Pambucy.com
MT00288,Edsmithformontana.com
MT00290,Rickhillforgovernor.com
MT00291,Ronformontana.com
MT00292,Stevebullock.com
MT00293,Kirkbushman.com
MT00294,Tooleyforpsc.org
MT00298,Boblake.net
MT00300,Brad@friendsofbrad.com
MT00301,McCullochformontana.com
MT00302,Derekskees.com
MT00303,Lindeen.net
MT00304,Welchformontana.com
MT00305,Denisejuneau.com
MT00306,Sheehyforjustice.com
MT00307,Mckinnon4justice.com
CO00001,www.degette.com
CO00002,www.DannyStroudforCongress.com
CO00004,www.newmenu.org/swingvoter
CO00006,www.lundberg2012.com
CO00007,www.polisforcongress.com
CO00008,www.randyluallin.com
CO00011,votetipton.com
CO00016,www.dougaden.com
CO00017,www.corygardner.com
CO00018,www.shafferforcolorado.com
CO00019,www.joshgforliberty.com
CO00020,LambornforCongress.com
CO00022,www.pirtleforuscongress.com
CO00026,coffmanforcongress.com
CO00033,VoteBuckBailey.com
CO00034,www.schroederforsbe.com
CO00039,www.voteregentludgwig.com
CO00041,www.davidsonforcuregent.com
CO00042,www.ongforcuregent.com
CO00043,www.jessicagarrow.com
CO00044,www.glengallegoscuregent.com
CO00048,griegoforcu.com
CO00052,www.scheffel4senate.us
CO00053,www.facebook.com/ChristopherGrundemann
CO00054,www.emilytracy.com
CO00055,www.randybaumgardner.com
CO00058,www.OwenHill.org
CO00061,www.cadmanforcolorado.com
CO00063,www.johnkefalas.org
CO00064,www.syndiforsenate.com
CO00067,www.mattjonesforcolorado.com
CO00071,www.senrollieheath.com
CO00072,www.eviehudak.com
CO00073,www.langsias.com
CO00076,www.jessieforcolorado.com
CO00077,www.kensummers.org
CO00078,andykerr.org
CO00079,www.vickimarble.com
CO00080,kempforsenate.com
CO00081,www.sampsonforstatesenate.com
CO00082,www.maryhodge.com
CO00085,www.senlindanewell.com
CO00089,www.nancytodd.org
CO00092,www.senmorgancarroll.com
CO00094,elect-carr.com
CO00095,www.PatSteadman.com
CO00096,www.aguilarfor32.com
CO00098,www.mikejohnston.org
CO00102,www.crestinamartinez.com
CO00104,www.jeannelabuda.com
CO00105,www.johnkidd.org
CO00108,votetyrrell.com
CO00110,www.watsonforcolorado.com
CO00111,www.dankagan.com
CO00113,www.danpabon.com
CO00115,www.ronnienelsonforcolorado.com
CO00116,www.duranforcolorado.com
CO00117,www.BirthOfAnAngel.com
CO00119,www.loiscourt.com
CO00122,www.angela4colo.com
CO00123,www.bethmccann.org
CO00127,www.peopleforpaul.com
CO00129,www.dickeylee.net
CO00132,www.mikefoote.org
CO00135,www.AdamOchs.com
CO00136,www.clairelevy.org
CO00139,www.dannordberg.com
CO00141,www.markwallerforHD15.org
CO00144,www.electjanakjoshi.com
CO00147,www.tonyexum.com
CO00148,www.americanconstitutionparty.com
CO00149,www.MarkBarker.org
CO00151,www.jennifergeorgecolorado.com
CO00153,www.peteleecolorado.com
CO00156,StephensforColorado.com
CO00164,www.maryforstaterep.com
CO00165,www.EverettForColorado.com
CO00167,www.rickenstrom.com
CO00170,www.ev4HD24.com
CO00171,www.sueschafer.com
CO00173,www.cherigerou.com
CO00174,www.lornaidolcampaign.com
CO00177,www.dianeforcolorado.com
CO00179,www.libbyszabo.com
CO00180,co27.us
CO00181,www.AmyAttwood.com
CO00182,brittanypettersen.com
CO00184,www.ramirezforcolorado.com
CO00186,www.lpco.net
CO00187,www.jenisemay.com
CO00190,www.salazarforhd31.com
CO00192,www.dominickmoreno.com
CO00195,www.davepigott.com
CO00196,www.primaveraforcolorado.com
CO00198,www.Jodina4CO.com
CO00199,www.stevelebsock.com
CO00200,www.cherylinpeniston.com
CO00201,www.brianvandekrol.com
CO00203,www.suryden.com
CO00205,www.spencerswalm.com
CO00208,www.contiforcolorado.com
CO00211,www.pollyforcolorado.com
CO00214,www.bucknerforcolorado.com
CO00215,www.cindyacree.com
CO00217,www.jovanmelton.com
CO00220,www.rhondafields.com
CO00222,www.garysemro.com
CO00223,www.Holbert4House.com
CO00225,caroleRmurray.com
CO00226,www.StoughtonForColorado.com
CO00228,www.leroygarcia.com
CO00230,www.chuckrodosevich.com
CO00231,www.clarice47.com
CO00232,humphreyforhouse.org
CO00234,sheltonforcolorado.com
CO00235,www.perryforcolorado.com
CO00236,www.repdaveyoung.com
CO00238,markshafferforhd51.com
CO00244,www.jonfye.com
CO00245,www.randyfischer.org
CO00247,www.wright54.com
CO00249,www.RayScottForColorado.com
CO00250,www.DanFor55.com
CO00252,www.dave4-56.com
CO00253,www.kevinpriola.com
CO00255,www.votebobrankin.com
CO00259,www.votecoram.com
CO00261,mclachlanforcolorado.com
CO00262,www.jpaulbrown.com
CO00268,www.IrvineForColorado.com
CO00269,www.milliehamner.com
CO00272,www.housedistrict62.com
CO00275,www.lorisaine.com
CO00276,www.timdore.com
CO00278,www.electsonnenberg.com
CO00279,www.peteweir.com
CO00280,mitchforda.com
CO00282,www.danmayforda.com
CO00283,www.scottturner4da.com
CO00284,www.brucebrownforda.com
CO00287,www.riedelforda.com
CO00289,www.MartinBeeson.com
CO00291,www.thomkledoux.com
CO00295,barkey4da.com
CO00299,www.daveyoungda.com
CO00300,www.FeldmanForDA.com
CO00301,www.georgeforda.com
CO00307,www.billjames4rtd.com
CO00308,www.walkerforrtd.com
CO00314,www.tomforrtd.com
CO00315,www.garycares.com
ND00001,www.bergfornorthdakota.com
ND00002,www.HeidiforNorthDakota.com
ND00003,www.kevincramer.org
ND00004,www.pamgulleson.com
ND00005,www.ericolson2012.com
ND00014,www.votejoemiller.com
ND00019,www.Vote4Duff.com
ND00020,www.tyleraxness.com
ND00044,www.macschneider.com
ND00047,www.roersforndsenate.com
ND00067,www.chuckdamschen.com
ND00071,www.team12nd.com
ND00077,BenHansonforNDHouse.com
ND00078,www.lindemannforndhouse.com
ND00082,district20.com
ND00083,www.trailldistrict3.com
ND00125,www.coreymock.com
ND00129,www.joshuaboschee.com
ND00143,www.dalrympleforgovernor.com
ND00144,www.taylorfornd.com
ND00147,kellyschmidt.com
ND00149,www.adamhamm.com
ND00151,www.randychristmann.com
ND00152,www.crabtreeforpsc.com
ND00154,www.kirstenbaesler.com
ND00177,www.starkcountynd.gov
ND00178,www.starkcountynd.gov
ND00179,www.starkcountynd.gov
ND00193,www.rockyschneider.com
ND00883,www.electCRUFFjudge.com
VA00001,http://www.georgeallen.com
VA00002,http://www.kaineforva.com
VA00003,http://www.adamcook2012.com
VA00004,http://www.gailparker.us
VA00005,http://www.hirschbielforcongress.com
VA00006,http://www.deanlongo.com
VA00007,http://www.ellawardforcongress.net
VA00008,http://www.johndouglassforcongress.com
VA00009,http://www.electken.com
VA00010,http://www.andyschmooklerforcongress.com
VA00011,http://www.powellforva.com
VA00012,http://www.patrickmurrayforcongress.com
VA00013,http://www.votejoinrun.us
VA00014,http://www.votejasonhowell.com
VA00015,http://www.flaccaventoforthe9th.com
VA00016,http://www.kristincabral.com
VA00017,http://www.chisholmforcongress.com
VA00018,http://www.perkins2012.com
VA00019,http://www.joegaldo.com
VA00021,http://www.honestyandethics.com
VA00022,http://www.gibson4congress2012.com
VA00023,http://www.robwittman.com
VA00024,http://www.scottrigell.com
VA00025,http://www.bobbyscottforcongress.com
VA00026,http://www.randyforbes.com
VA00027,http://www.roberthurtforcongress.com
VA00028,http://www.bobgoodlatte.com
VA00029,http://www.cantorforcongress.com
VA00030,http://www.jimmoran.org
VA00031,http://www.morgangriffithforcongress.com
VA00032,http://www.wolfforcongress.com
VA00033,http://www.gerryconnolly.com
VA00034,http://www.libbygarvey.com
VA00035,http://www.billeuille.com
VA00036,http://www.paulsmedberg.org
VA00037,http://www.delpepper.com
VA00048,http://www.emmaforschoolboard.org
VA00113,http://www.pelhamward6councilor.com
VA00118,http://www.katiehammler.com
VA00119,http://www.votedavebutler.com
VA00120,http://www.electdunn.org
VA00160,http://www.jheimbach
VA00162,http://www.kennywrightformayor.com
VA00173,http://www.brucetyler.com
VA00174,http://www.samuelsforcouncil.com
VA00175,http://www.chrishilbert.com
VA00178,http://www.ellenrobertson.com
VA00181,http://www.dougconnerforcitycouncil.com
VA00184,http://hendersonforrichmond.org
VA00185,http://www.doncoleman.org
VA00217,http://www.scottseery.com
VA00218,http://ashleykmcleod.com
VA00219,http://www.mayorsessoms.com
VA00223,http://glennrdavis.com
VA00229,http://www.marcwilliamsforschoolboard.com
VA00232,http://www.aliciahughes.com
VA00233,http://www.frankfannon.com
VA00239,http://www.VeachForCouncil.com
VA00243,http://www.timlovain.com
VA00244,http://www.allisonsilberberg.com
VA00245,http://www.justin.net
VA00246,http://chapman4council.com
VA00247,http://deb4council.com
VA00248,http://www.JeanetteRishell.com
VA00250,http://www.audreyclement.org
VA00253,http://www.minceyforcouncil.com
VA00255,http://andrewmacdonaldformayor.com
VA00264,http://www.noahsimon.org
VA00276,http://williamwiebking.blogspot.com
VA00324,http://www.abeshearer.com
VA00340,http://www.jimsisley.org
VA00365,http://www.jonbaliles.com
VA00366,http://www.diradourforcouncil.com
VA00367,None
VA00369,http://www.ElectLee.com
VA00370,None
VA00371,None
VA00372,None
VA00373,None
VA00374,http://www.glensturtevant.com
VA00375,http://RiverCitySchools.com
VA00376,None
VA00377,None
VA00378,None
VA00379,http://www.rich4richmond.com
VA00380,None
VA00381,http://www.fairschools.com
VA00382,http://www.electkristenlarson.com
VA00417,http://www.kennygolden.com
VA00422,http://wallyerb.com
VA00425,http://www.leonardtengco.com
VA00426,http://www.rosshammond.org
VA00428,http://www.chucksmithforcouncil2012.com
VA00430,http://www.votechrisarney.com
VA00431,http://www.votemcdonald.org
VA00440,http://graf4schoolboard.wordpress.com
VA00443,http://www.kellycarmichaelbooz.com
VA00444,http://chrisyianilos.com
VA00445,http://www.justinkeating.info
VA00448,http://lewis4acps.org
VA00455,http://Robert4CityCouncil.com
VA00456,http://www.wavro2102.com
VA00460,http://www.woodforcouncil.com
IL00002,http://www.peloquinforcongress.com/
IL00003,http://www.jessejacksonjr.org/
IL00004,http://www.woodworthforcongress.com/
IL00006,www.lipinskiforcongress.com
IL00007,WWW.RICHARDGRABOWSKI.COM
IL00009,http://www.concepcionforcongress.com/
IL00010,www.quigleyforcongress.com
IL00011,http://www.schmittforillinois.com/
IL00012,WWW.WADEINCONGRESS.ORG
IL00013,WWW.COOLIDGEFORCONGRESS.COM
IL00014,www.roskamforcongress.com
IL00015,http://www.dannykdavis.com/
IL00018,http://www.tammyduckworth.com/
IL00019,WWW.WALSHFORCONGRESS.COM
IL00020,www.janschakowsky.org
IL00021,WWW.TIMWOLFEFORCONGRESS.COM
IL00022,WWW.TOWNSHIPACADEMY.COM
IL00023,http://schneiderforcongress.com/
IL00024,www.doldforcongress.com
IL00025,http://www.billfoster.com/
IL00026,www.biggert.com
IL00028,www.jasonplummer.com
IL00029,http://www.runrandyrun.com/
IL00030,http://bradshaw4congress.org/
IL00031,WWW.GILL2012.COM
IL00032,http://www.electrodney.com/
IL00033,http://www.hartman2012.com/
IL00034,WWW.DENNISANDERSONFORCONGRESS.COM
IL00035,www.hultgrenforcongress.com
IL00036,http://www.angelamichaelforcongress.com/
IL00037, www.volunteersforshimkus.org 
IL00039,http://rohlforcongress.com/
IL00040,www.electadam.com
IL00041,www.cheribustos.com
IL00042,www.reelectbobby.com
IL00043,WWW.ERICREYES.US
IL00044,www.waterworthforcongress.org
IL00045,www.aaronschock.com
IL00051,http://www.patriciaforchicago.com/
IL00057,WWW.DANIELBISS.COM
IL00059,http://mulroeforsenate.com/
IL00062,http://www.kwameraoul.com/
IL00064,http://harrisforilsenate.com/
IL00065,http://www.jacquelinecollins.org/
IL00069,http://electbellar.com/
IL00070,WWW.HASTINGS2012.COM
IL00074,WWW.NOLAND.ORG
IL00075,http://www.cjcollins4senate.com/
IL00076,www.tomcullertonforsenate.com
IL00080,WWW.ELECTCORINNEPIEROG.COM
IL00081,http://www.jimoberweis.com/
IL00082,http://www.amandaforsenate.com/
IL00083,http://www.electdanduffy.com/
IL00087,http://www.dankotowski.com/welcome/
IL00088,http://votejimo.com/
IL00089,WWW.JULIEMORRISONFORSTATESENATE.COM
IL00090,http://www.friedmanforsenate.com/
IL00091,http://www.link30.org/
IL00092,WWW.DONFORILLINOIS.COM
IL00093,WWW.MELINDAFORSENATE.COM
IL00094,http://www.nealforsenate.com/
IL00096,MCCONNAUGHAYFORSENATE.ORG
IL00097,DOUGMARKS2012.WEBS.COM
IL00099,http://www.gambino34.com/
IL00102,http://albrachtforsenate.com/
IL00103,http://darinlahood.com/
IL00104,http://www.chrisbensonforsenate.com/
IL00105,http://www.suerezin.com/
IL00109,http://www.electtuckmarshall.com/
IL00112,WWW.LINDAHOLMESFORSENATE.COM
IL00113,http://www.peterhurtado.com/
IL00114,www.ajwilhelmi.com
IL00115,http://sandyforillinois.com/
IL00116,www.bradyforillinois.com
IL00117,http://timbivins.com/
IL00118,http://www.koehlerforstatesenate.com/
IL00119,http://www.sullivanforsenate.com/
IL00120,WWW.FRIENDSOFJOHNSULLIVAN.COM
IL00121,http://electfrese.com/
IL00122,http://www.andyforsenate.com/
IL00123,http://www.mcelroyforsenate.com/
IL00125,http://www.bertinotarrant.com/
IL00126,http://peck4senate.com/
IL00127,http://mccannforsenate.com/
IL00129,http://chapinrose.org/
IL00130,WWW.MIKEFORILLINOIS.COM
IL00131,www.johnbambenek.com
IL00132,WWW.JASONBARICKMAN.COM
IL00133,http://dannystover.com/
IL00134,http://ww2.votemccarter.com/Pages/Default.aspx
IL00135,Site does not load ; www.dalerighter.com/
IL00136,http://www.haineforsenate.com/
IL00137,http://mikebabcock.org/
IL00139,http://davebarnes4senator.com/
IL00141,http://www.davidluechtefeld.com/
IL00142,http://www.garyforby.com/
IL00143,http://www.minor4senate.com/
IL00147,http://www.friendsofluisarroyo.com/
IL00148,http://www.soto4rep.com/
IL00151,WWW.CHRISWELCH2012.COM
IL00152,http://lashawnford.com/
IL00154,http://repderricksmith.com/
IL00156,http://lancetyson.com/
IL00158,voteannwilliams.com
IL00160,http://www.gregharris.org/
IL00161,http://citizensforcassidy.com/kellycassidy/
IL00164,http://www.bedellforcongress.org/
IL00166,www.romanoforrep.com
IL00167,http://fineforstaterep.com/
IL00168,http://www.electkylefrank.com/
IL00169,http://www.robynforrep.com/
IL00171,WWW.ROBERTMARTWICK.COM
IL00172,http://randazzoforstaterep.com/Home.html
IL00174,www.tabares2012.com
IL00177,http://mikezalewski.com/
IL00179,http://www.barbaraflynncurrie.org/
IL00181,FRIENDSOFCHRISTIANMITCHELL.COM
IL00183,http://robertbobrita.com/
IL00184,http://www.citizensforjones.com/home.htm
IL00191,www.elgiesims.com/
IL00192,http://www.franhurley.com/
IL00193,www.stevenwilliams.org
IL00194,http://kellyburke2010.com/index.html
IL00196,http://www.kosel.net/
IL00197,http://www.citizensforalriley.com/Citizens_for_Al_Riley/Home/Home.html
IL00198,http://toniberrios.com/
IL00199,http://debmell.org/
IL00201,http://www.reelectsenger.com/
IL00203,WWW.IVES42.COM
IL00204,http://www.keithfarnham08.com/
IL00206,http://www.fredcrespo.com/welcome.html
IL00207,www.juarezforillinois.com
IL00209,http://www.reboletti.com/
IL00211,http://votekordik.com/
IL00212,http://pattibellock.com/
IL00213,WWW.SANDRAPIHOS.COM
IL00214,http://www.mikefortner.org/portal/index.php
IL00215,http://www.andrewbernard.org/
IL00216,WWW.KHATCHER.COM
IL00217,WWW.EDSULLIVANFORILLINOIS.COM
IL00218,DAVIDMCSWEENEY.COM
IL00221,http://www.electdavidharris.com/Home.aspx
IL00223,www.morrisonforstaterep.com
IL00224,http://www.moylanforstaterep.com/
IL00225,http://www.susansweeney.net/
IL00226,http://www.votemichelle.org/
IL00227,WWW.ELECTJOHNLAWSON.COM
IL00228,http://www.nekritznow.com/
IL00229,http://greenbergforstaterep.com/
IL00230,http://scottdrury2012.com/
IL00231,http://www.carolsente.org/
IL00232,www.voteforsid.com
IL00236,WWW.JOANNOSMOND.COM
IL00237,http://www.samyingling.com/
IL00238,WWW.SANDYCOLE.NET
IL00239,http://www.franks4illinois.com/
IL00240,WWW.BARBARAWHEELER64.COM
IL00241,http://www.timschmitz.org/
IL00242,http://miketryon.com/
IL00244,http://carlwasco.com/
IL00245,http://www.johncabello.com/
IL00246,www.joesosnowski.com
IL00247,WWW.CITIZENSFORPRITCHARD.COM
IL00248,WWW.MIKESMIDDY.COM
IL00249,http://www.electmorthland.com/
IL00251,http://www.electneil.com/
IL00252,http://www.davidrleitch.org/
IL00256,WWW.JEREMYLY.COM
IL00257,WWW.ELECTPAMROTH.COM
IL00259,http://jensenfor76th.com/
IL00260,http://www.kathleenwillis.org/
IL00261,http://skipsaviano.com/
IL00262,http://www.friendsofcamilleylilly.com/
IL00263,http://friendsofkatecloonen.wordpress.com/
IL00264,www.glennnixon.com
IL00265,http://anthonydeluca.org/
IL00266,WWW.RON4ILLINOIS.COM
IL00267,http://www.jimdurkin.com/
IL00269,http://www.stephaniekifowit.org/
IL00270,WWW.PATFEE2012.COM
IL00299,http://www.naomijakobssonfor103.com/
IL00271,http://www.voteemily.com/
IL00273,www.electryanalm.com
IL00275,http://www.votekeithsommer.com/
IL00278,http://tomdemmer.com/
IL00279,http://www.votejenallison.com/
IL00280,WWW.MIKEUNES.COM
IL00281,http://www.jehangordon.com/
IL00283,www.citizensforhammond.com
IL00284,http://www.electjiltracy.com/
IL00285,http://www.electbradgillespie.com/
IL00288,http://www.sueschererforstaterep.com/
IL00289,http://www.dennisshackelford.com/
IL00292,WWW.JOINTOMCROSS.COM
IL00294,WWW.KALNICKY.COM
IL00295,http://www.raymondpoe.com/
IL00296,http://www.jimwatsonillinois.com/
IL00298,http://www.brownforillinois.com/
IL00300,http://www.meisterfor103.com/
IL00302,http://electhays.com/
IL00303,http://www.votedanbrady.com/
IL00304,http://www.electjoshharms.com/
IL00305,www.johncavaletto.com
IL00306,http://citizensforpolites.com/
IL00307,http://charliemeier.org/
IL00309,http://www.davidreis.org/
IL00310,http://www.bradhalbrook.com/
IL00312,WWW.KATHYSMITHFORILLINOIS.COM
IL00313,http://www.marleensuarez.com/
IL00314,WWW.DWIGHTKAY.COM
IL00315,http://www.jayhoffman.com/
IL00316,www.melindahult.com
IL00318,http://voteforstookey.com/
IL00319,http://mikebost.com/
IL00321,WWW.JULIE4STATEREP.NET
IL00322,http://johnebradley.com/
IL00323,http://christopherhmccann.com/Home.aspx
IL00324,WWW.DALEDORCHFORREP2012.COM
IL00325,http://www.brandonphelps.com/
IL00149,http://www.repkendunkin.com/
IL00159,http://sarafeigenholtz.com/
PA00001,http://www.kathleengkane.com/
PA00002,http://davidfreedforag.com/
PA00003,http://www.eugene4pa.com/home.html
PA00004,http://cpaforpa.com/
PA00006,http://www.featherman.com/
PA00007,http://scollocongress.com/home/
PA00009,http://genestilp.com/
PA00012,http://keithrothfus.com/
PA00014,http://www.joerooneyforcongress.com/
PA00016,http://lessmannforcongress.org/
PA00017,http://www.daughertyforcongress.com/
PA00019,http://straderforcongress.org/
PA00021,http://cartwrightcongress.com/home/
PA00022,http://www.electlaureencummings.com/
PA00023,http://www.larrymaggi2012.com/
PA00026,http://www.mansfieldforcongress.com/#!__page-0
PA00027,http://www.missaeatonforcongress.com/
PA00029,http://www.perkinsonforcongress.com/
PA00030,http://www.patriotsforperry.com/
PA00031,http://charlesdumasforcongress.com/
PA00033,http://www.trivediforcongress.com/
PA00035,http://www.badey.com/
PA00037,http://www.boockvar.com/
PA00039,http://ramsburg4congress.com/
PA00047,http://pattykim.com/
PA00048,http://www.votedietz.com/
PA00050,http://www.votemcentee.com/
PA00052,http://www.osmankamara.net/
PA00061,http://www.jeffdahlander.com/
PA00067,http://farinastaterep.com/
PA00068,http://www.kaneforparep.com/
PA00075,http://www.rickarnold2012.com/
PA00078,http://kaufernow.com/
PA00080,http://www.voterr4pahouse.com/
PA00086,http://voterozzi.com/
PA00090,http://www.voteeriksaar.com/
PA00092,http://www.ourbestschott.com/
PA00094,http://www.russforpastatehouse.com/
PA00096,http://www.kevindeelypa.com/
PA00101,http://www.vote4patrick.com/
PA00104,http://www.barreto4staterep.com/index.html
PA00117,http://www.frederickforpa.com/
PA00124,http://www.bettywhiteforpa147.com/
PA00127,http://www.votemikeludwig.com/
PA00130,http://www.electbobwilliams.com/
PA00132,http://votedevine.com/
PA00134,http://www.vote-will.com/
PA00136,http://ronaldkolla.com/
PA00139,http://nickforpahouse.com/
PA00140,http://stevemccarter.com/
PA00142,http://www.joshmaxwell.com/
PA00143,http://votebecky.com/
PA00144,http://www.bretbinderforpa.com/index.htm
PA00148,http://www.susanforpa.com/online/
PA00153,http://www.kathycoder.com/
PA00155,http://larrydemarcoforstaterep.com/
PA00158,http://www.sheamusbonner.com/
PA00165,http://www.billtoal.com/
PA00168,http://www.bethalois168.com/
PA00171,http://votekralle.com/
PA00181,http://www.maureenmadden.com/
PA00190,http://www.sims4pa.com/
PA00194,http://citizensforjordanharris.com/
PA00211,http://www.josemiranda2012.com/
PA00222,http://erinmolchany.com/
PA00223,http://www.chriscratsley.com/
PA00225,http://edgainey.com/
PA00227,http://www.pa4mikedoyle.com/about/about.html
PA00228,http://www.electmikehays.com/
PA00234,http://www.pastaterep.com/
PA00235,votejasonowen.com/
PA00236,http://www.davidtusick2012.com/david-tusick/
PA00243,http://gerryvaerewyck.mypoliticalsite.com/
PA00247,http://www.lancogov.com/
PA00248,http://mindyfee.com/
PA00254,http://www.marcypa41.com/
PA00257,http://www.votejohnweigel.com/
PA00258,http://www.keithgreiner.com/
PA00262,http://www.kimerebuildingpa.com/
PA00264,http://speed4pahouse.com/
PA00268,http://richardmassafra.victorydiy.com/
PA00269,http://jwhite.nationbuilder.com/
PA00270,http://votegreglucas.com/
PA00272,http://markwfischer.org/
PA00287,http://www.harrietellenberger.com/
PA00290,http://www.joellenforstaterep.org/
PA00296,http://jamesforpadistrict64.com/
PA00309,http://randallwilson73.com/
PA00310,http://www.mccrackenforpahouse.org/
PA00317,http://richardflarend.com/www.richardflarend.com/Home.html
PA00324,http://harryrogers2012.com/
PA00330,http://www.spicka4statehouse.com/
PA00333,http://www.jmurtha.us/Default.aspx
PA00337,http://www.electmikeregan.com/
PA00338,http://www.smallforstaterepresentative.com/
PA00348,http://votegambone.com/
PA00351,http://www.obrienforpasenate.com/
PA00353,http://www.robteplitz.com/
PA00354,http://www.mcnallyforsenate.com/
PA00356,http://www.charlesgehret.com/
PA00358,http://www.chrisamentas.com/
PA00359,http://www.votehutchinson.com/
PA00360,http://luanacleveland.com/
PA00364,http://seipforsenate.com/
PA00368,http://bruceneylon.com/
PA00371,http://www.houserforpasenate.com/
PA00378,http://www.villella4senate.com/home
PA00380,http://www.votewiley.com/home
PA00381,http://www.voteforjanet.com/
PA00383,http://www.miketomlinsonforsenate.com/index.htm
PA00388,http://friendswithdiana.com/
PA00390,http://tomsmithforsenate.com/
PA00008,http://tommarinoforcongress.com/
PA00010,http://www.loubarletta.com/
PA00011,http://www.critzforcongress.com/
PA00013,http://www.allysonschwartz.com/?no_splash=1
PA00015,http://mikedoyleforcongress.com/
PA00020,http://joepittsforcongress.com/
PA00024,http://www.electtimmurphy.com/
PA00025,http://chakafattah.com/
PA00028,http://www.mikekellyforcongress.com/
PA00032,http://www.friendsofglennthompson.com/
PA00034,http://www.jimgerlachforcongress.com/
PA00036,http://www.meehanforcongress.com/
PA00038,http://www.fitzpatrickforcongress.com/
PA00040,http://www.billshusterforcongress.org/index.asp
PA00044,http://www.electbryancutler.com/
PA00049,http://www.votesuehelm.com/
PA00074,http://www.geraldmullery.com/
PA00077,http://www.phyllismundy.com/
PA00095,http://www.maloneyforpahouse.com/
PA00097,http://justin4staterep.com/
PA00102,http://ryanforpa.com/
PA00107,http://www.joeemrick.com/
PA00114,http://votetinadavis.com/
PA00126,http://www.votegerber.com/
PA00131,http://jimchristiana.org/
PA00133,http://www.mikevereb.com/
PA00135,http://www.votetoddstephens.com/
PA00138,http://madeleinedean.com/
PA00145,http://www.dantruitt.com/
PA00147,http://www.warrenkampf.com/
PA00160,http://www.votemargo.com/
PA00164,http://www.votevitali.com/index.html
PA00170,http://edneilson.com/
PA00200,http://brownforrep.com/
PA00226,http://www.markosek.com/
PA00251,http://www.ricksaccone.com/
PA00255,http://www.electaument.com/
PA00256,http://www.votemattsmith.com/index.html
PA00263,http://www.supportjesse.com/
PA00283,http://www.dunbar4staterep.com/
PA00347,http://www.larryfarnese.com/
PA00349,http://www.judyschwank.com/
PA00352,http://senatorsmucker.com/
PA00355,http://votedaylin.com/
PA00366,http://www.reelectsenatorkitchen.com/
PA00367,http://www.patvance.com/
PA00369,http://www.allowayforsenate.com/
PA00387,http://www.robmccord.com/
PA00389,http://bobcasey.com/
OH00026,http://www.hiteisright.com/
OH00057,http://peggylehner.com/
OH00058,http://rickmckiddyforstatesenate.unionactive.com/
OH00067,http://luken4oh30.com/
OH00077,http://www.widenerforsenate.com/
OH00084,http://keithfaber.org/
OH00085,http://www.hindsforohio.com/
OH00096,http://www.joeuecker.com/
OH00106,http://www.vote4hughes.com/
OH00121,http://www.teresaforohio.com/
OH00127,http://www.jamesrileyforohio.com/
OH00132,www.bradyforhouse.com/
OH00133,http://patton4senate.com/
OH00138,www.addisonforohio.com/
OH00139,http://burkeforohio.com
OH00145,http://www.votetomsawyer.com/
OH00151,http://www.gentileforohio.com/
OH00157,http://capriworks4me.com/
OH00158,http://www.nancymcarthur.com/
OH00024,http://www.amstutz.org/
OH00025,http://www.johnmaglio.com/
OH00031,http://www.jaygoyal.com/home.htm
OH00032,http://romanchuk2012.com/Home_Page.html
OH00039,http://nathaneberly.org/
OH00040,http://www.citizensforbrown.com/
OH00041,http://votewicks.com/
OH00045,http://matthuffman.org/
OH00051,http://www.craignewbold.com/
OH00052,http://nickbarborak.com/28901.html
OH00055,http://marlene-anielski.com/
OH00056,http://www.callmefoss.com/
OH00061,http://mattpattenforohio.com/
OH00062,http://www.dovillaforohio.com/
OH00071,http://www.ohiorepbarbaraboyd.org/
OH00080,http://williamsforohio.com/
OH00088,http://www.nickieantonio.com/
OH00094,http://www.mikefoley.us/
OH00099,http://www.votecelebrezze.com/
OH00104,http://www.friendsofnanbaker.com/
OH00105,http://www.meyerforohio.com/
OH00107,http://www.chrisheiberger.com/
OH00109,http://www.michaelstinziano.com/
OH00113,http://www.annegonzales.org/
OH00114,http://www.mikejohnstonforohio.com/
OH00118,http://www.heatherbishoff.com/
OH00119,http://nathanburd.com/
OH00122,http://www.mikeduffey.com/
OH00123,http://www.oconnorforohio.com/
OH00124,http://www.votecarney.com/
OH00128,cherylgrossmanforohio.com/
OH00129,http://www.johnsonforohio.com/
OH00130,http://www.maureenreedy.com/
OH00140,http://www.peterstautberg.org/
OH00142,http://www.conniepillich.com/
OH00143,http://www.citizensformikewilson.com/
OH00147,http://www.house.state.oh.us/index.php?option=com_displaymembers&task=detail&district=29
OH00153,http://www.denisedriehaus.com/
OH00156,http://ronmosby.com/
OH00160,http://tombryanforohio.com/
OH00161,http://www.sykes.tv/Rep._Sykes_Website/Home.html
OH00163,http://gotmilkovich.com/
OH00165,http://www.anthonydevitis.com/
OH00168,tomschmida.com
OH00169,http://lynnslabyforrep.com
OH00172,http://www.jeffwellbaum.com/
OH00173,http://mikehenne.com/
OH00174,http://www.fisherforstaterepresentative.com
OH00175,http://butlerforohio.com
OH00176,https://secure.actblue.com/entity/fundraisers/29113
OH00177,http://www.terryblair.com
OH00179,http://www.rolandwinburn.com/
OH00182,http://www.teresafedor.com/
OH00183,http://www.davekissinger.com
OH00184,http://www.mattszollosi.com/
OH00185,http://barbarasears.com/
OH00186,http://about.me/citizensforbunck
OH00187,http://www.kirkschuring.com/
OH00188,http://amandatrump.com/
OH00189,http://deagan4house.com/
OH00194,http://wesretherford.com/
OH00195,http://markhardig.com
OH00197,http://www.bobcoogan2012.org/
OH00199,http://timderickson.com/
OH00200,http://suzirubin.com/
OH00201,http://www.petebeckohiorep.com/
OH00203,http://www.mattlundy.com/
OH00205,http://www.ramosforrep.com/
OH00207,http://www.terryboose.com/about
OH00208,http://www.bobsherwin.org/
OH00209,http://larkforstaterep.com/index.html
OH00215,http://ronyoungforohio.com/
OH00217,http://www.ronmaag.com/
OH00245,http://www.warrenforohio.com/
OH00246,http://mattlynch.com/
OH00247,http://www.jerryforstaterep.com/
OH00248,http://www.ffcdp.net/ht/d/sp/i/1371377/pid/1371377
OH00250,http://ffcdp.net/ht/d/sp/i/1363399/pid/1363399
OH00251,http://www.votemcgregor.com/
OH00254,http://www.electradams4staterep.com/
OH00255,https://www.facebook.com/pages/Lynn-Wachtman/111575932193958
OH00259,http://www.johnfkostyo.com/
OH00265,http://www.pelandaforohio.com/index.php
OH00267,http://www.jeffmcclain.com/Home.html
OH00268,http://www.jeffreylehart.com/
OH00275,http://cliffrosenberger.com/
OH00277,http://www.petersonforohio.com/
OH00280,http://ryansmith2012.com/
OH00281,http://www.debbiephillips.net/
OH00283,http://www.andythompsonforohio.com/
OH00287,http://frankfleischer.org/
OH00289,http://www.ofarrellforohio.com/
OH00290,www.joincasey2010.com
OH00291,http://pattersonforohio.com/
OH01089,http://jobs.joshmandel.com/index.php
OH01090,http://www.sherrodbrown.com/petition/w1112cu/
OH01091,www.demare4senate.com
OH00020,http://www.stevechabot.com/
OH00021,http://cs2pr.us/Rich/
OH00029,http://USABrad.com 
OH00035,http://fitrakisforcongress.org/
OH00036,http://www.beattyforcongress.com/
OH00038,http://ehrbar2012.com/
OH00042,jimjordanforbongress.com
OH00048,http://lattaforcongress.com/
OH00049,http://zimmannforcongress.com/
OH00050,http://eberlyforcongress.com
OH00053,http://billjohnsonleads.com/
OH00054,http://www.charliewilson.com/
OH00059,http://www.bobgibbsforcongress.com/
OH00060,http://healyabramsforcongress.com/
OH00063,http://www.johnboehner.com/
OH00068,http://www.joeforcongress2012.com/
OH00069,http://marcykaptur.com/
OH00070,http://www.seanstipe.com/
OH00073,http://turner.house.gov/
OH00074,http://www.neuhardtforcongress.com/
OH00075,http://www.harlowforcongress.com/
OH00079,http://marcialfudge.com/
OH00081,http://tiberiforcongress.com/
OH00082,http://reeseforcongress.com/
OH00086,http://www.timryanforcongress.com/
OH00087,http://www.drmarisha2012.com/
OH00090,http://www.stevelatourette.org/
OH00091,http://www.mackoforliberty.com/
OH00092,http://www.ohiogreens.org/node/66
OH00093,http://www.daleblanchardforcongress.com/
OH00097,http://www.stivers4congress.com/
OH00098,http://langforcongress.com/
OH00101,http://www.bettysuttonforcongress.com/
OH00102,http://www.renacciforcongress.com/
OH00103,http://www.blevinsforcongress.com/
OH00293,http://paulworley.com/
OH00295,http://www.adamscountyoh.com/transportation.html
OH00296,http://www.adamscountyoh.com/legaldocs.html
OH00297,http://adamscountyoh.com/recorder.asp
OH00303,http://www.donkissick.com/
OH00304,http://www.co.allen.oh.us/clerkofcourts/cle.php
OH00305,http://monalosh.org/
OH00306,http://jaybegg.com/
OH00324,http://www.claypoolforcommissioner.com/index.shtml
OH00325,http://schroeder2012.com/
OH00326,http://www.electpeggycarlo.com/
OH00327,http://www.gentry4sheriff.com/
OH00330,http://electryanpbailey.com/index.htm
OH00332,http://www.stevegraham2012.com/
OH00341,http://www.payneforcommissioner.com/
OH00342,http://www.integrationacres.com
OH00343,http://www.maidenforengineer.com
OH00374,http://www.joshblackforsheriff.com/
OH00375,http://browncountydems.org/dale_anderson.htm
OH00377,http://browncountydems.org/k_moran.htm
OH00386,http://www.maryswain.com/
OH00388,http://www.jodibillerman2012.com/
OH00390,http://tcrogers.org/
OH00391,http://mannix4coroner.com/
OH00411,http://anthonyehresmann.com/
OH00423,http://votejohndetrick.com/
OH00425,http://www.votekoehler.com/
OH00426,http://geyerforcommission.com/
OH00436,http://www.keepbarbwiedenbein.com
OH00437,http://www.judgezuk.com
OH00438,http://edhumphrey.com/
OH00439,http://www.electfaris2012.com
OH00449,http://steedforcommissioner.com/
OH00460,http://www.lindasbolon.com/
OH00475,http://drownforjudge.com/
OH00502,http://www.rini4judge.com/
OH00503,http://timmccormack.com/
OH00505,http://www.sweeneyforjudge.com/
OH00506,http://electcollierwilliamsjudge.com/
OH00507,http://www.stevegall4judge.com/
OH00508,http://www.mcclellandforjudge.com/
OH00015,http://perneljonesjr.com/
OH00072,http://www.votejulianrogers.com/
OH00116,http://www.dalemillerforohio.com/
OH00690,http://traciehunterforjudge.com/
OH00691,http://www.campaignsitebuilder.com/templates/displayfiles/tmpl26.asp?Trial=false&SiteID=1874&PageID=34939
OH00692,http://tracywinkler.com/
OH00693,http://www.donovanforsheriff.com/
OH00694,http://www.electtrotter2012.com/
OH00695,http://www.greghartmann.com/
OH00696,http://www.cramerding.com/
OH00697,http://keepjudgeallen.com/
OH00699,http://www.neilforsheriff.com/
OH00700,http://www.waynelippert.net/
OH00701,http://www.kambelosforcoroner.com/
OH00704,http://www.johnwilliamsforjudge.com/
OH00705,http://www.leslieghiz.com/
OH00706,http://www.pamthomasforclerkofcourts.com/
OH00906,http://www.tinaskeldonwozniak.com/
OH00908,http://www.votesarantou.com/
OH01259,http://www.dordeaforsheriff.com/
OH01260,http://www.gradyforprosecutor.com/
OH01262,http://www.electzumbar.com/
OH01266,http://voterichardregula.com/
OH00018,http://kurtforcouncil.com/
OH01280,http://www.voteforhorrigan.com/
OH01282,http://www.judgestormer.com/
OH01283,http://www.votescalise.com/
OH01285,http://ronantal.com/
OH01286,http://russpry.com/
OH01287,http://www.brubakerforengineer.com/
OH01289,http://sipplenforjudge.com/Default.aspx
OH01290,http://www.votejudgemichael.com
OH01291,http://judgetammyobrien.com/
OH01293,http://www.stevebarryforsheriff.com/
OH01295,http://candacekimknox.com/
OH01297,http://oconnorforclerk.com/clerk/
OH01298,http://www.judgeteodosio.com/
OH00027,http://www.nickkostandaras.com/
OH01302,http://www.johnhull2012.com/
OH01317,http://www.belleforcommissioner.org/
OH01338,http://toddwolfrumforcommissioner.com/
OH00580,http://www.davelevacy.com/Home.html
KS00001,http://www.huelskamp.org 
KS00002,http://www.tobiasforcongress.com 
KS00005,http://www.kevinyoder.com 
KS00008,http://www.pompeoforcongress.com 
KS00016,http://www.haleyforsenate.com 
KS00018,http://www.kellykultala.com 
KS00019,http://www.vote4fitzgerald.com 
KS00022,http://www.russellforkansas.com 
KS00024,http://www.lisaforkansas.com 
KS00025,http://www.JimDenning4ks.com 
KS00027,http://www.senatorjulialynn.com 
KS00029,http://www.pilchercook.com 
KS00031,http://www.melcherforsenate.com 
KS00033,www.VoteTyson.org 
KS00038,http://www.jeffkingks.com 
KS00039,http://www.tymasterson.net 
KS00042,http://www.laurakelly.org 
KS00043,http://www.dickbarta.com 
KS00045,http://www.caseywmoore.com 
KS00047,http://www.vickischmidt.com 
KS00050,http://www.gregsmith4kansas.com 
KS00052,http://www.bobreader.com 
KS00057,http://www.snow4kansas.org 
KS00065,http://www.oletha.org 
KS00070,http://www.workingforkansas.com 
KS00075,http://www.jayemler.com 
KS00078,http://www.elainebowers.com 
KS00081,http://www.loveforkansas.com 
KS00090,http://www.juliemenghini.com 
KS00101,http://www.johnwilsonforkansas.com 
KS00106,http://www.virgilpeck.com 
KS00109,http://www.keithesau.com 
KS00111,http://www.amandagrosserode.com 
KS00112,http://www.brett4kansas.com 
KS00115,http://www.milack.com 
KS00116,http://www.johnrubin.net 
KS00118,http://www.claytonforkansas 
KS00121,http://www.barbarabollier.org 
KS00125,http://www.kellymeigs.com 
KS00127,http://www.Chris4Kansas.com 
KS00137,http://www.LanceKinzer.com 
KS00142,http://www.tonybukaty.com 
KS00155,http://www.meier4kansas.com 
KS00156,http://www.janagoodman.com 
KS00159,http://www.kingforkansas.com 
KS00163,http://www.TomSloan.org 
KS00168,http://www.keith4kansas.com 
KS00169,http://www.scottschwab.com 
KS00178,http://www.mikeburgess.com 
KS00179,http://www.annmah.org 
KS00182,http://www.electbecky.net 
KS00189,http://www.calebcorrell.com 
KS00203,http://www.leemodesitt.com 
KS00206,http://www.moxleyforkansas.org 
KS00208,http://www.jrclaeys.com 
KS00214,http://www.pamlawson.com 
KS00220,http://www.peggymast.com 
KS00223,http://www.edtrimmer.com 
KS00224,http://www.larryalley.com 
KS00228,http://www.Vote4Pete.com 
KS00236,http://www.jimwardforkansas.org 
KS00243,http://www.josephscapa.com 
KS00249,http://www.genesuellentrop.com 
KS00256,http://www.tomsayerforkansas.com 
KS00258,http://www.whippleforkansas.com 
KS00263,http://www.philhermanson.com 
KS00267,http://www.joeseiwert 
KS00270,http://www.votevictors.com 
KS00275,http://www.nickforkansas.com 
KS00278,http://www.voteforstevenjohnson.com 
KS00281,http://www.travisforkansas.com 
KS00283,http://www.sueboldra.com 
KS00292,http://www.kylehoffman.net 
KS00295,http://www.hinemanforkansas.org 
KS00308,http://jpwu.info 
KS00312,http://www.jimmcniece.com 
KS00370,http://www.PhilJourney.com 
KS00375,http://www.brucebrownforjudge.com 
KS00379,www.zoenewton.com 
KS00402,www.renogov.org/distcourt 
KS00406,http://www.judgemikerussell.com 
KS00473,http://www.judgewebb.org 
KS00482,http://www.bransonforda.com 
KS00483,http://www.stevehoweda.com 
1,WWW.CARPERFORDELAWARE.COM 
6,WWW.WADEFORUSSENATE.COM 
12,WWW.ANDREWGROFFFORSENATE.US 
30,WWW.KOVACHFORCONGRESS.ORG 
36,WWW.BERNIEAUGUSTFORUSCONGRESS.US 
42,WWW.GESTY4CONGRESS.ORG 
50,WWW.CRAGG2012.COM 
56,WWW.PERRIDEGOV.US 
65,WWW.MATTDENN.COM 
71,WWW.SHER2012.COM 
83,WWW.BENJAMINMOBLEY.COM 
89,WWW.SUSSEXLP.ORG 
117,WWW.SENATORKATZ.COM 
123,WWW.GREGLAVELLE.COM 
134,WWW.ELECTCHRISCOUNIHAN.COM 
153,LOPEZFORDE.COM 
162,WWW.SUSSEXLP.ORG 
171,WWW.SENATORBLEVINS.COM 
183,WWW.SENATORDAVE.ORG 
189,BILLFORDELAWARE.COM 
205,WWW.BRYAN2012.COM 
211,WWW.EVANQFORDE.COM 
217,WWW.NICOLEPOORE.COM 
251,WWW.FRIENDSFORDAVELAWSON.COM 
268,BUSHWELLERSENATE.COM 
284,WWW.ERICBODIE.COM 
293,EAKLE-DE20THSENATESEAT.ORG 
299,GERALDHOCKER.COM 
321,WWW.SUSSEXLP.ORG 
326,WWW.CHARLESPOTTERJR.COM 
332,WWW.STBOLDEN.ORG 
343,WWW.PEOPLEFORBRADY.COM 
354,WWW.DEBRAHEFFERNAN.COM 
374,WWW.QUINNJOHNSON.ORG 
385,WWW.VOTEREBECCAWALKER.COM 
390,WWW.DELAWAREFIRST.NET 
396,WWW.BOBRHODUNDA.COM 
407,WWW.JEFF4REPRESENTATIVE.COM 
416,WWW.REPDEBORAHHUDSON.COM 
435,WWW.SUSSEXLP.ORG 
457,WWW.MACHUREK.COM 
472,WWW.MIKEBARBIERI.NET 
499,WWW.FACEBOOK.COM/REPMICHAELRAMONE 
505,WWW.DAVE4DE.COM 
516,WWW.PAULBAUMBACH.COM 
522,WWW.ELECTMARKDOUGHTY.COM 
542,WWW.EARLJAQUES.COM 
550,SYLVESTERFORSTATEREPRESENTATIVE.COM 
556,WWW.ELECTPARADEE.COM 
562,ELECTLINCOLNWILLIS.COM 
574,WWW.DARRYLSCOTT.ORG 
580,WWW.SAMCHICK.ORG 
625,WWW.SUSSEXLP.ORG 
644,MEETRUTH.COM 
663,WWW.DANNYSHORT.COM 
674,TIMDUKES.ORG 
703,WWW.BLAKE4COUNTYEXEC.COM 
709,WWW.CHRISBULLOCK2012.COM 
733,WWW.PEOPLEFORSHELDON.COM 
739,WWW.SCOTSAUER.COM 
758,WWW.WILLIAMS4WILMINGTON.COM 
773,WWW.NNAMDI4COUNCIL.COM 
784,WWW.DARIUSBROWN.COM 
808,WWW.FACEBOOK.COM/WILLIAMS4COUNCIL.COM 
827,WWW.JUSTENWRIGHT.ORG 
864,WWW.FRIENDSFORJODYSWEENEY.COM 
885,WWW.BOYLEFORCOMPTROLLER.COM 
916,FACEBOOK.COM/FRIENDSFORGARYWOLFE 
931,JOANDEAVER.COM 
937,WWW.AYOTTEFORCOUNCIL.COM 
AK00002,http://www.tedandfran.com
AK00004,http://alaskansfordonyoung.com 
AK00005,http://www.johncoghill.com
AK00006,http://www.alaskansforjoethomas.com
AK00007,http://www.petekellyforsenate.com
AK00009,http://www.clickbishop.com 
AK00010,www.annesudkamp.com 
AK00013,www.charliehuggins.com 
AK00016,http://www.bobroses.com
AK00017,www.wielechowski.org 
AK00023,www.Frenchforstatesenate.com 
AK00025,http://www.lesilmcguire.com/
AK00027,http://www.senatormeyer.com
AK00029,http://www.annafairclough.com
AK00031,www.CathyGiessel.com 
AK00067,http://philisley.us
AK00034,www.stedmanforsenate.com 
AK00042,www.BobMillerforAK.com
AK00043,http://www.tammiewilson.com
AK00046,http://www.davidpruhs.com
AK00050,www.feige4house.org 
AK00051,www.weskeller.com 
AK00052,www.alaskansforhughes.com 
AK00053,www.LynnGattis.com 
AK00058,http://www.dansaddler.com
AK00059,www.voteledoux.com 
AK00063,www.electandystatehouse.com
AK00068,http://www.ceanstevens.com
AK00069,www.tarrforstatehouse.com 
AK00072,www.ananddubey.com 
AK00074,http://www.votemia.com 
AK00075,www.votescannell.com 
AK00076,http://Jodieforstatehouse.com
AK00078,http://tuckforalaska.com
AK00079,http://www.votevaught.com
AK00081,www.votelupe.com 
AK00082,www.pattihiggins.com 
AK00083,www.votemillett.com 
AK00084,petepetersen.net
AK00085,http://www.lancepruitt.com
AK00087,http://www.reinboldforalaska.com 
AK00091,http://www.lizforalaska.com
AK00092,http://www.votepaulseaton.com
AK00106,http://www.dorothyshockleyforstatehouse.com
AK00107,http://fosteralaska.com
